{
  "root" : {
    "__class" : "RootNode",
    "children" : [
      {
        "__class" : "FrameNode",
        "aspectRatio" : null,
        "blendingEnabled" : 0,
        "blendingMode" : "normal",
        "bottom" : null,
        "centerAnchorX" : 0,
        "centerAnchorY" : 0,
        "children" : [
          {
            "__class" : "FrameNode",
            "aspectRatio" : null,
            "blendingEnabled" : 0,
            "blendingMode" : "normal",
            "bottom" : 0,
            "centerAnchorX" : 0.5,
            "centerAnchorY" : 0.5,
            "children" : [
              {
                "__class" : "CodeComponentNode",
                "aspectRatio" : 1.7777777777777777,
                "bottom" : null,
                "centerAnchorX" : 0.5013333333333333,
                "centerAnchorY" : 0.50074962518740629,
                "children" : [

                ],
                "clip" : true,
                "codeComponentIdentifier" : "@framer\/krijn.video-player\/.\/Video.tsx_VideoPlayer",
                "codeComponentProps" : {
                  "autoplay" : true,
                  "controls" : true,
                  "loop" : true,
                  "muted" : true,
                  "srcType" : "Video",
                  "url" : "https:\/\/www.krijnrijshouwer.com\/file\/example.mp4",
                  "video" : "design\/assets\/out.mp4"
                },
                "codeOverrideEnabled" : false,
                "constraintsLocked" : false,
                "exportOptions" : [

                ],
                "fillColor" : "rgba(255,255,255,1)",
                "fillEnabled" : false,
                "fillGradient" : {
                  "__class" : "LinearGradient",
                  "alpha" : 1,
                  "angle" : 0,
                  "end" : "rgba(0,0,0,0)",
                  "start" : "black"
                },
                "fillImage" : null,
                "fillImagePixelHeight" : null,
                "fillImagePixelWidth" : null,
                "fillImageResize" : "fill",
                "fillType" : "color",
                "height" : 28,
                "heightType" : 0,
                "id" : "kwlUUIKR1",
                "intrinsicHeight" : 180,
                "intrinsicWidth" : 320,
                "left" : null,
                "locked" : false,
                "name" : null,
                "opacity" : 1,
                "originalid" : null,
                "parentid" : "zCrU60uTg",
                "radius" : 0,
                "radiusBottomLeft" : 0,
                "radiusBottomRight" : 0,
                "radiusIsRelative" : false,
                "radiusPerCorner" : false,
                "radiusTopLeft" : 0,
                "radiusTopRight" : 0,
                "right" : null,
                "rotation" : 0,
                "top" : null,
                "visible" : true,
                "width" : 50,
                "widthType" : 0
              }
            ],
            "clip" : false,
            "codeOverrideEnabled" : true,
            "codeOverrideFile" : ".\/App.tsx",
            "codeOverrideIdentifier" : ".\/App.tsx_Loading",
            "codeOverrideName" : "Loading",
            "constraintsLocked" : false,
            "deviceType" : null,
            "exportOptions" : [

            ],
            "fillColor" : "#01011C",
            "fillEnabled" : true,
            "fillGradient" : {
              "__class" : "LinearGradient",
              "alpha" : 1,
              "angle" : 0,
              "end" : "rgba(0,0,0,0)",
              "start" : "black"
            },
            "fillImage" : null,
            "fillImagePixelHeight" : null,
            "fillImagePixelWidth" : null,
            "fillImageResize" : "fill",
            "fillType" : "color",
            "height" : 667,
            "heightType" : 0,
            "id" : "zCrU60uTg",
            "intrinsicHeight" : null,
            "intrinsicWidth" : null,
            "isExternalMaster" : null,
            "isMaster" : false,
            "isTarget" : false,
            "left" : 0,
            "locked" : false,
            "name" : "Loading",
            "navigationTarget" : null,
            "navigationTransition" : "push",
            "navigationTransitionBackdropColor" : "rgba(4,4,15,.4)",
            "navigationTransitionDirection" : "left",
            "opacity" : 1,
            "originalid" : null,
            "parentid" : "d6_AGuoTF",
            "previewSettings" : null,
            "radius" : 0,
            "radiusBottomLeft" : 0,
            "radiusBottomRight" : 0,
            "radiusIsRelative" : false,
            "radiusPerCorner" : false,
            "radiusTopLeft" : 0,
            "radiusTopRight" : 0,
            "replicaInfo" : null,
            "right" : 0,
            "rotation" : 0,
            "top" : 0,
            "visible" : false,
            "width" : 375,
            "widthType" : 0
          },
          {
            "__class" : "FrameNode",
            "aspectRatio" : null,
            "blendingEnabled" : 0,
            "blendingMode" : "normal",
            "bottom" : 0,
            "centerAnchorX" : 0.5013333333333333,
            "centerAnchorY" : 0.5,
            "children" : [
              {
                "__class" : "FrameNode",
                "aspectRatio" : 0.68881118881118886,
                "blendingEnabled" : 0,
                "blendingMode" : "normal",
                "bottom" : null,
                "centerAnchorX" : 0.5,
                "centerAnchorY" : 0.41379310344827586,
                "children" : [

                ],
                "clip" : false,
                "codeOverrideEnabled" : false,
                "constraintsLocked" : false,
                "deviceType" : null,
                "exportOptions" : [

                ],
                "fillColor" : "rgba(255,255,255,1)",
                "fillEnabled" : true,
                "fillGradient" : {
                  "__class" : "LinearGradient",
                  "alpha" : 1,
                  "angle" : 0,
                  "end" : "rgba(0,0,0,0)",
                  "start" : "black"
                },
                "fillImage" : "tmI0MCbAjIXGLfHSQSlZJhRxhXE.png",
                "fillImagePixelHeight" : 572,
                "fillImagePixelWidth" : 394,
                "fillImageResize" : "fill",
                "fillType" : "image",
                "height" : 552,
                "heightType" : 0,
                "id" : "ygtONUKkj",
                "intrinsicHeight" : 286,
                "intrinsicWidth" : 197,
                "isExternalMaster" : null,
                "isMaster" : false,
                "isTarget" : false,
                "left" : 0,
                "locked" : false,
                "name" : null,
                "navigationTarget" : null,
                "navigationTransition" : "push",
                "navigationTransitionBackdropColor" : "rgba(4,4,15,.4)",
                "navigationTransitionDirection" : "left",
                "opacity" : 1,
                "originalFilename" : "Screen Shot 2019-03-15 at 10.40.27 AM.png",
                "originalid" : null,
                "parentid" : "y5NehRhIB",
                "previewSettings" : null,
                "radius" : 0,
                "radiusBottomLeft" : 0,
                "radiusBottomRight" : 0,
                "radiusIsRelative" : false,
                "radiusPerCorner" : false,
                "radiusTopLeft" : 0,
                "radiusTopRight" : 0,
                "replicaInfo" : null,
                "right" : 0,
                "rotation" : 0,
                "top" : 0,
                "visible" : true,
                "width" : 380,
                "widthType" : 0
              },
              {
                "__class" : "FrameNode",
                "aspectRatio" : 3.2295081967213113,
                "blendingEnabled" : 0,
                "blendingMode" : "normal",
                "bottom" : 0,
                "centerAnchorX" : 0.49868421052631579,
                "centerAnchorY" : 0.91304347826086951,
                "children" : [

                ],
                "clip" : false,
                "codeOverrideEnabled" : true,
                "codeOverrideFile" : ".\/App.tsx",
                "codeOverrideIdentifier" : ".\/App.tsx_Stage01Button",
                "codeOverrideName" : "Stage01Button",
                "constraintsLocked" : false,
                "deviceType" : null,
                "exportOptions" : [

                ],
                "fillColor" : "rgba(255,255,255,1)",
                "fillEnabled" : true,
                "fillGradient" : {
                  "__class" : "LinearGradient",
                  "alpha" : 1,
                  "angle" : 0,
                  "end" : "rgba(0,0,0,0)",
                  "start" : "black"
                },
                "fillImage" : "2p7W1DFL1dxSOfoqB4BMN8P2ZYU.png",
                "fillImagePixelHeight" : 122,
                "fillImagePixelWidth" : 394,
                "fillImageResize" : "fill",
                "fillType" : "image",
                "height" : 116,
                "heightType" : 0,
                "id" : "g8rY84y6V",
                "intrinsicHeight" : 61,
                "intrinsicWidth" : 197,
                "isExternalMaster" : null,
                "isMaster" : false,
                "isTarget" : false,
                "left" : 2,
                "locked" : false,
                "name" : "Stage01Button",
                "navigationTarget" : null,
                "navigationTransition" : "push",
                "navigationTransitionBackdropColor" : "rgba(4,4,15,.4)",
                "navigationTransitionDirection" : "left",
                "opacity" : 1,
                "originalFilename" : "Screen Shot 2019-03-15 at 10.40.36 AM.png",
                "originalid" : null,
                "parentid" : "y5NehRhIB",
                "previewSettings" : null,
                "radius" : 0,
                "radiusBottomLeft" : 0,
                "radiusBottomRight" : 0,
                "radiusIsRelative" : false,
                "radiusPerCorner" : false,
                "radiusTopLeft" : 0,
                "radiusTopRight" : 0,
                "replicaInfo" : null,
                "right" : 3,
                "rotation" : 0,
                "top" : null,
                "visible" : true,
                "width" : 375,
                "widthType" : 0
              }
            ],
            "clip" : false,
            "codeOverrideEnabled" : true,
            "codeOverrideFile" : ".\/App.tsx",
            "codeOverrideIdentifier" : ".\/App.tsx_Stage01",
            "codeOverrideName" : "Stage01",
            "constraintsLocked" : true,
            "deviceType" : null,
            "exportOptions" : [

            ],
            "fillColor" : "rgba(255,255,255,1)",
            "fillEnabled" : false,
            "fillGradient" : {
              "__class" : "LinearGradient",
              "alpha" : 1,
              "angle" : 0,
              "end" : "rgba(0,0,0,0)",
              "start" : "black"
            },
            "fillImage" : null,
            "fillImagePixelHeight" : null,
            "fillImagePixelWidth" : null,
            "fillImageResize" : "fill",
            "fillType" : "color",
            "height" : 667,
            "heightType" : 0,
            "id" : "y5NehRhIB",
            "intrinsicHeight" : null,
            "intrinsicWidth" : null,
            "isExternalMaster" : null,
            "isMaster" : false,
            "isTarget" : false,
            "left" : -2,
            "locked" : false,
            "name" : "Stage01",
            "navigationTarget" : null,
            "navigationTransition" : "push",
            "navigationTransitionBackdropColor" : "rgba(4,4,15,.4)",
            "navigationTransitionDirection" : "left",
            "opacity" : 1,
            "originalid" : null,
            "parentid" : "d6_AGuoTF",
            "previewSettings" : null,
            "radius" : 0,
            "radiusBottomLeft" : 0,
            "radiusBottomRight" : 0,
            "radiusIsRelative" : false,
            "radiusPerCorner" : false,
            "radiusTopLeft" : 0,
            "radiusTopRight" : 0,
            "replicaInfo" : null,
            "right" : -3,
            "rotation" : 0,
            "top" : null,
            "visible" : false,
            "width" : 380,
            "widthType" : 0
          },
          {
            "__class" : "FrameNode",
            "aspectRatio" : null,
            "blendingEnabled" : 0,
            "blendingMode" : "normal",
            "bottom" : 0,
            "centerAnchorX" : 0.5013333333333333,
            "centerAnchorY" : 0.50074962518740629,
            "children" : [
              {
                "__class" : "FrameNode",
                "aspectRatio" : 0.57478005865102644,
                "blendingEnabled" : 0,
                "blendingMode" : "normal",
                "bottom" : null,
                "centerAnchorX" : 0.5,
                "centerAnchorY" : 0.5,
                "children" : [

                ],
                "clip" : false,
                "codeOverrideEnabled" : false,
                "constraintsLocked" : false,
                "deviceType" : null,
                "exportOptions" : [

                ],
                "fillColor" : "rgba(255,255,255,1)",
                "fillEnabled" : true,
                "fillGradient" : {
                  "__class" : "LinearGradient",
                  "alpha" : 1,
                  "angle" : 0,
                  "end" : "rgba(0,0,0,0)",
                  "start" : "black"
                },
                "fillImage" : "6rgfkhTJy8olOqrMvlwUeL2T98.png",
                "fillImagePixelHeight" : 341,
                "fillImagePixelWidth" : 196,
                "fillImageResize" : "fill",
                "fillType" : "image",
                "height" : 668,
                "heightType" : 0,
                "id" : "mS4SuRuFh",
                "intrinsicHeight" : 170.5,
                "intrinsicWidth" : 98,
                "isExternalMaster" : null,
                "isMaster" : false,
                "isTarget" : false,
                "left" : 0,
                "locked" : false,
                "name" : "Stage01Back",
                "navigationTarget" : null,
                "navigationTransition" : "push",
                "navigationTransitionBackdropColor" : "rgba(4,4,15,.4)",
                "navigationTransitionDirection" : "left",
                "opacity" : 1,
                "originalFilename" : "Mask Group.png",
                "originalid" : null,
                "parentid" : "ULngmXwDH",
                "previewSettings" : null,
                "radius" : 0,
                "radiusBottomLeft" : 0,
                "radiusBottomRight" : 0,
                "radiusIsRelative" : false,
                "radiusPerCorner" : false,
                "radiusTopLeft" : 0,
                "radiusTopRight" : 0,
                "replicaInfo" : null,
                "right" : 0,
                "rotation" : 0,
                "top" : 0,
                "visible" : true,
                "width" : 384,
                "widthType" : 0
              },
              {
                "__class" : "FrameNode",
                "aspectRatio" : null,
                "blendingEnabled" : 0,
                "blendingMode" : "normal",
                "bottom" : null,
                "centerAnchorX" : 0.49869791666666669,
                "centerAnchorY" : 0.55613772455089816,
                "children" : [
                  {
                    "__class" : "FrameNode",
                    "aspectRatio" : 3.581818181818182,
                    "blendingEnabled" : 0,
                    "blendingMode" : "normal",
                    "bottom" : 0,
                    "centerAnchorX" : 0.5,
                    "centerAnchorY" : 0.91116751269035534,
                    "children" : [

                    ],
                    "clip" : false,
                    "codeOverrideEnabled" : true,
                    "codeOverrideFile" : ".\/App.tsx",
                    "codeOverrideIdentifier" : ".\/App.tsx_Stage00Button",
                    "codeOverrideName" : "Stage00Button",
                    "constraintsLocked" : false,
                    "deviceType" : null,
                    "exportOptions" : [

                    ],
                    "fillColor" : "rgba(255,255,255,1)",
                    "fillEnabled" : true,
                    "fillGradient" : {
                      "__class" : "LinearGradient",
                      "alpha" : 1,
                      "angle" : 0,
                      "end" : "rgba(0,0,0,0)",
                      "start" : "black"
                    },
                    "fillImage" : "x3ssqJXzdsQkKT1TIHWqvZOPFDk.png",
                    "fillImagePixelHeight" : 110,
                    "fillImagePixelWidth" : 394,
                    "fillImageResize" : "fill",
                    "fillType" : "image",
                    "height" : 105,
                    "heightType" : 0,
                    "id" : "eVwO7xvcr",
                    "intrinsicHeight" : 55,
                    "intrinsicWidth" : 197,
                    "isExternalMaster" : null,
                    "isMaster" : false,
                    "isTarget" : false,
                    "left" : 0,
                    "locked" : false,
                    "name" : "Stage00Button",
                    "navigationTarget" : null,
                    "navigationTransition" : "push",
                    "navigationTransitionBackdropColor" : "rgba(4,4,15,.4)",
                    "navigationTransitionDirection" : "left",
                    "opacity" : 1,
                    "originalFilename" : "Screen Shot 2019-03-15 at 10.40.11 AM.png",
                    "originalid" : null,
                    "parentid" : "T3rMoH8Wk",
                    "previewSettings" : null,
                    "radius" : 0,
                    "radiusBottomLeft" : 0,
                    "radiusBottomRight" : 0,
                    "radiusIsRelative" : false,
                    "radiusPerCorner" : false,
                    "radiusTopLeft" : 0,
                    "radiusTopRight" : 0,
                    "replicaInfo" : null,
                    "right" : 0,
                    "rotation" : 0,
                    "top" : null,
                    "visible" : true,
                    "width" : 375,
                    "widthType" : 0
                  },
                  {
                    "__class" : "FrameNode",
                    "aspectRatio" : 2.4320987654320989,
                    "blendingEnabled" : 0,
                    "blendingMode" : "normal",
                    "bottom" : 105,
                    "centerAnchorX" : 0.5,
                    "centerAnchorY" : 0.69204737732656518,
                    "children" : [

                    ],
                    "clip" : false,
                    "codeOverrideEnabled" : false,
                    "constraintsLocked" : false,
                    "deviceType" : null,
                    "exportOptions" : [

                    ],
                    "fillColor" : "rgba(255,255,255,1)",
                    "fillEnabled" : true,
                    "fillGradient" : {
                      "__class" : "LinearGradient",
                      "alpha" : 1,
                      "angle" : 0,
                      "end" : "rgba(0,0,0,0)",
                      "start" : "black"
                    },
                    "fillImage" : "Kx63nj7KTluB3HhHHEDXP6fc3w.png",
                    "fillImagePixelHeight" : 162,
                    "fillImagePixelWidth" : 394,
                    "fillImageResize" : "fill",
                    "fillType" : "image",
                    "height" : 154,
                    "heightType" : 0,
                    "id" : "ryoxbAdls",
                    "intrinsicHeight" : 81,
                    "intrinsicWidth" : 197,
                    "isExternalMaster" : null,
                    "isMaster" : false,
                    "isTarget" : false,
                    "left" : 0,
                    "locked" : false,
                    "name" : null,
                    "navigationTarget" : null,
                    "navigationTransition" : "push",
                    "navigationTransitionBackdropColor" : "rgba(4,4,15,.4)",
                    "navigationTransitionDirection" : "left",
                    "opacity" : 1,
                    "originalFilename" : "Screen Shot 2019-03-15 at 10.39.55 AM.png",
                    "originalid" : null,
                    "parentid" : "T3rMoH8Wk",
                    "previewSettings" : null,
                    "radius" : 0,
                    "radiusBottomLeft" : 0,
                    "radiusBottomRight" : 0,
                    "radiusIsRelative" : false,
                    "radiusPerCorner" : false,
                    "radiusTopLeft" : 0,
                    "radiusTopRight" : 0,
                    "replicaInfo" : null,
                    "right" : 0,
                    "rotation" : 0,
                    "top" : null,
                    "visible" : true,
                    "width" : 375,
                    "widthType" : 0
                  },
                  {
                    "__class" : "FrameNode",
                    "aspectRatio" : 1.967741935483871,
                    "blendingEnabled" : 0,
                    "blendingMode" : "normal",
                    "bottom" : null,
                    "centerAnchorX" : 0.18666666666666668,
                    "centerAnchorY" : 0.04060913705583756,
                    "children" : [

                    ],
                    "clip" : false,
                    "codeOverrideEnabled" : false,
                    "constraintsLocked" : false,
                    "deviceType" : null,
                    "exportOptions" : [

                    ],
                    "fillColor" : "rgba(255,255,255,1)",
                    "fillEnabled" : true,
                    "fillGradient" : {
                      "__class" : "LinearGradient",
                      "alpha" : 1,
                      "angle" : 0,
                      "end" : "rgba(0,0,0,0)",
                      "start" : "black"
                    },
                    "fillImage" : "CCXGjI1tnZzq721lsXHnEIlZaE.png",
                    "fillImagePixelHeight" : 62,
                    "fillImagePixelWidth" : 122,
                    "fillImageResize" : "fill",
                    "fillType" : "image",
                    "height" : 48,
                    "heightType" : 0,
                    "id" : "gP8yz92i_",
                    "intrinsicHeight" : 31,
                    "intrinsicWidth" : 61,
                    "isExternalMaster" : null,
                    "isMaster" : false,
                    "isTarget" : false,
                    "left" : 23,
                    "locked" : false,
                    "name" : null,
                    "navigationTarget" : null,
                    "navigationTransition" : "push",
                    "navigationTransitionBackdropColor" : "rgba(4,4,15,.4)",
                    "navigationTransitionDirection" : "left",
                    "opacity" : 1,
                    "originalFilename" : "Screen Shot 2019-03-15 at 10.39.11 AM.png",
                    "originalid" : null,
                    "parentid" : "T3rMoH8Wk",
                    "previewSettings" : null,
                    "radius" : 0,
                    "radiusBottomLeft" : 0,
                    "radiusBottomRight" : 0,
                    "radiusIsRelative" : false,
                    "radiusPerCorner" : false,
                    "radiusTopLeft" : 0,
                    "radiusTopRight" : 0,
                    "replicaInfo" : null,
                    "right" : null,
                    "rotation" : 0,
                    "top" : 0,
                    "visible" : true,
                    "width" : 94,
                    "widthType" : 0
                  }
                ],
                "clip" : false,
                "codeOverrideEnabled" : true,
                "codeOverrideFile" : ".\/App.tsx",
                "codeOverrideIdentifier" : ".\/App.tsx_Stage00Overlays",
                "codeOverrideName" : "Stage00Overlays",
                "constraintsLocked" : true,
                "deviceType" : null,
                "exportOptions" : [

                ],
                "fillColor" : "rgba(255,255,255,1)",
                "fillEnabled" : false,
                "fillGradient" : {
                  "__class" : "LinearGradient",
                  "alpha" : 1,
                  "angle" : 0,
                  "end" : "rgba(0,0,0,0)",
                  "start" : "black"
                },
                "fillImage" : null,
                "fillImagePixelHeight" : null,
                "fillImagePixelWidth" : null,
                "fillImageResize" : "fill",
                "fillType" : "color",
                "height" : 591,
                "heightType" : 0,
                "id" : "T3rMoH8Wk",
                "intrinsicHeight" : null,
                "intrinsicWidth" : null,
                "isExternalMaster" : null,
                "isMaster" : false,
                "isTarget" : false,
                "left" : null,
                "locked" : false,
                "name" : "Stage00Overlays",
                "navigationTarget" : null,
                "navigationTransition" : "push",
                "navigationTransitionBackdropColor" : "rgba(4,4,15,.4)",
                "navigationTransitionDirection" : "left",
                "opacity" : 1,
                "originalid" : null,
                "parentid" : "ULngmXwDH",
                "previewSettings" : null,
                "radius" : 0,
                "radiusBottomLeft" : 0,
                "radiusBottomRight" : 0,
                "radiusIsRelative" : false,
                "radiusPerCorner" : false,
                "radiusTopLeft" : 0,
                "radiusTopRight" : 0,
                "replicaInfo" : null,
                "right" : null,
                "rotation" : 0,
                "top" : 76,
                "visible" : true,
                "width" : 375,
                "widthType" : 0
              }
            ],
            "clip" : false,
            "codeOverrideEnabled" : true,
            "codeOverrideFile" : ".\/App.tsx",
            "codeOverrideIdentifier" : ".\/App.tsx_Stage00",
            "codeOverrideName" : "Stage00",
            "constraintsLocked" : false,
            "deviceType" : null,
            "exportOptions" : [

            ],
            "fillColor" : "rgba(255,255,255,1)",
            "fillEnabled" : false,
            "fillGradient" : {
              "__class" : "LinearGradient",
              "alpha" : 1,
              "angle" : 0,
              "end" : "rgba(0,0,0,0)",
              "start" : "black"
            },
            "fillImage" : null,
            "fillImagePixelHeight" : null,
            "fillImagePixelWidth" : null,
            "fillImageResize" : "fill",
            "fillType" : "color",
            "height" : 668,
            "heightType" : 0,
            "id" : "ULngmXwDH",
            "intrinsicHeight" : null,
            "intrinsicWidth" : null,
            "isExternalMaster" : null,
            "isMaster" : false,
            "isTarget" : false,
            "left" : -4,
            "locked" : false,
            "name" : "Stage00",
            "navigationTarget" : null,
            "navigationTransition" : "push",
            "navigationTransitionBackdropColor" : "rgba(4,4,15,.4)",
            "navigationTransitionDirection" : "left",
            "opacity" : 1,
            "originalid" : null,
            "parentid" : "d6_AGuoTF",
            "previewSettings" : null,
            "radius" : 0,
            "radiusBottomLeft" : 0,
            "radiusBottomRight" : 0,
            "radiusIsRelative" : false,
            "radiusPerCorner" : false,
            "radiusTopLeft" : 0,
            "radiusTopRight" : 0,
            "replicaInfo" : null,
            "right" : -5,
            "rotation" : 0,
            "top" : 0,
            "visible" : true,
            "width" : 384,
            "widthType" : 0
          },
          {
            "__class" : "CodeComponentNode",
            "aspectRatio" : null,
            "bottom" : null,
            "centerAnchorX" : 0.5,
            "centerAnchorY" : 0.032983508245877063,
            "children" : [

            ],
            "clip" : true,
            "codeComponentIdentifier" : "@framer\/kasimir.iphone-x-kit\/.\/Status Bar\/Status_Bar.tsx_StatusBar",
            "codeComponentProps" : {
              "appearance" : "light",
              "back" : "",
              "batteryLevel" : 100,
              "liveTime" : true,
              "location" : "none",
              "mode" : "transparent",
              "signalLevel" : 100,
              "time" : "18.00",
              "twelveHour" : false,
              "wifiLevel" : 100
            },
            "codeOverrideEnabled" : false,
            "constraintsLocked" : false,
            "exportOptions" : [

            ],
            "fillColor" : "rgba(255,255,255,1)",
            "fillEnabled" : false,
            "fillGradient" : {
              "__class" : "LinearGradient",
              "alpha" : 1,
              "angle" : 0,
              "end" : "rgba(0,0,0,0)",
              "start" : "black"
            },
            "fillImage" : null,
            "fillImagePixelHeight" : null,
            "fillImagePixelWidth" : null,
            "fillImageResize" : "fill",
            "fillType" : "color",
            "height" : 44,
            "heightType" : 0,
            "id" : "yAfmP2gi9",
            "intrinsicHeight" : 44,
            "intrinsicWidth" : 375,
            "left" : 0,
            "locked" : true,
            "name" : null,
            "opacity" : 1,
            "originalid" : null,
            "parentid" : "d6_AGuoTF",
            "radius" : 0,
            "radiusBottomLeft" : 0,
            "radiusBottomRight" : 0,
            "radiusIsRelative" : false,
            "radiusPerCorner" : false,
            "radiusTopLeft" : 0,
            "radiusTopRight" : 0,
            "right" : 0,
            "rotation" : 0,
            "top" : 0,
            "visible" : true,
            "width" : 375,
            "widthType" : 0
          },
          {
            "__class" : "FrameNode",
            "aspectRatio" : null,
            "blendingEnabled" : 0,
            "blendingMode" : "normal",
            "bottom" : 0,
            "centerAnchorX" : 0.5,
            "centerAnchorY" : 0.5,
            "children" : [
              {
                "__class" : "FrameNode",
                "aspectRatio" : null,
                "blendingEnabled" : 0,
                "blendingMode" : "normal",
                "bottom" : null,
                "centerAnchorX" : 0.5,
                "centerAnchorY" : 0.5,
                "children" : [

                ],
                "clip" : false,
                "codeOverrideEnabled" : true,
                "codeOverrideFile" : ".\/App.tsx",
                "codeOverrideIdentifier" : ".\/App.tsx_Slide01",
                "codeOverrideName" : "Slide01",
                "constraintsLocked" : true,
                "deviceType" : null,
                "exportOptions" : [

                ],
                "fillColor" : "#2C2454",
                "fillEnabled" : true,
                "fillGradient" : {
                  "__class" : "LinearGradient",
                  "alpha" : 1,
                  "angle" : 0,
                  "end" : "rgba(0,0,0,0)",
                  "start" : "black"
                },
                "fillImage" : null,
                "fillImagePixelHeight" : null,
                "fillImagePixelWidth" : null,
                "fillImageResize" : "fill",
                "fillType" : "color",
                "height" : 667,
                "heightType" : 0,
                "id" : "aNnNpK9IC",
                "intrinsicHeight" : null,
                "intrinsicWidth" : null,
                "isExternalMaster" : null,
                "isMaster" : false,
                "isTarget" : false,
                "left" : 0,
                "locked" : false,
                "name" : "Slide1",
                "navigationTarget" : null,
                "navigationTransition" : "push",
                "navigationTransitionBackdropColor" : "rgba(4,4,15,.4)",
                "navigationTransitionDirection" : "left",
                "opacity" : 1,
                "originalid" : null,
                "parentid" : "KqxEvI1Nb",
                "previewSettings" : null,
                "radius" : 0,
                "radiusBottomLeft" : 0,
                "radiusBottomRight" : 0,
                "radiusIsRelative" : false,
                "radiusPerCorner" : false,
                "radiusTopLeft" : 0,
                "radiusTopRight" : 0,
                "replicaInfo" : null,
                "right" : 0,
                "rotation" : 0,
                "top" : 0,
                "visible" : true,
                "width" : 375,
                "widthType" : 0
              },
              {
                "__class" : "FrameNode",
                "aspectRatio" : null,
                "blendingEnabled" : 0,
                "blendingMode" : "normal",
                "bottom" : null,
                "centerAnchorX" : 0.5,
                "centerAnchorY" : 0.57496251874062965,
                "children" : [

                ],
                "clip" : false,
                "codeOverrideEnabled" : true,
                "codeOverrideFile" : ".\/App.tsx",
                "codeOverrideIdentifier" : ".\/App.tsx_Slide02",
                "codeOverrideName" : "Slide02",
                "constraintsLocked" : true,
                "deviceType" : null,
                "exportOptions" : [

                ],
                "fillColor" : "rgba(62, 13, 187, 1.00)",
                "fillEnabled" : true,
                "fillGradient" : {
                  "__class" : "LinearGradient",
                  "alpha" : 1,
                  "angle" : 0,
                  "end" : "rgba(0,0,0,0)",
                  "start" : "black"
                },
                "fillImage" : null,
                "fillImagePixelHeight" : null,
                "fillImagePixelWidth" : null,
                "fillImageResize" : "fill",
                "fillType" : "color",
                "height" : 567,
                "heightType" : 0,
                "id" : "N68loycba",
                "intrinsicHeight" : null,
                "intrinsicWidth" : null,
                "isExternalMaster" : null,
                "isMaster" : false,
                "isTarget" : false,
                "left" : 0,
                "locked" : false,
                "name" : "Slide2",
                "navigationTarget" : null,
                "navigationTransition" : "push",
                "navigationTransitionBackdropColor" : "rgba(4,4,15,.4)",
                "navigationTransitionDirection" : "left",
                "opacity" : 1,
                "originalid" : null,
                "parentid" : "KqxEvI1Nb",
                "previewSettings" : null,
                "radius" : 0,
                "radiusBottomLeft" : 0,
                "radiusBottomRight" : 0,
                "radiusIsRelative" : false,
                "radiusPerCorner" : false,
                "radiusTopLeft" : 0,
                "radiusTopRight" : 0,
                "replicaInfo" : null,
                "right" : 0,
                "rotation" : 0,
                "top" : 100,
                "visible" : true,
                "width" : 375,
                "widthType" : 0
              },
              {
                "__class" : "FrameNode",
                "aspectRatio" : null,
                "blendingEnabled" : 0,
                "blendingMode" : "normal",
                "bottom" : null,
                "centerAnchorX" : 0.5,
                "centerAnchorY" : 0.81109445277361314,
                "children" : [

                ],
                "clip" : false,
                "codeOverrideEnabled" : true,
                "codeOverrideFile" : ".\/App.tsx",
                "codeOverrideIdentifier" : ".\/App.tsx_Slide03",
                "codeOverrideName" : "Slide03",
                "constraintsLocked" : true,
                "deviceType" : null,
                "exportOptions" : [

                ],
                "fillColor" : "rgba(246, 74, 46, 1.00)",
                "fillEnabled" : true,
                "fillGradient" : {
                  "__class" : "LinearGradient",
                  "alpha" : 1,
                  "angle" : 0,
                  "end" : "rgba(0,0,0,0)",
                  "start" : "black"
                },
                "fillImage" : null,
                "fillImagePixelHeight" : null,
                "fillImagePixelWidth" : null,
                "fillImageResize" : "fill",
                "fillType" : "color",
                "height" : 252,
                "heightType" : 0,
                "id" : "c9YNz3ih2",
                "intrinsicHeight" : null,
                "intrinsicWidth" : null,
                "isExternalMaster" : null,
                "isMaster" : false,
                "isTarget" : false,
                "left" : 0,
                "locked" : false,
                "name" : "Slide3",
                "navigationTarget" : null,
                "navigationTransition" : "push",
                "navigationTransitionBackdropColor" : "rgba(4,4,15,.4)",
                "navigationTransitionDirection" : "left",
                "opacity" : 1,
                "originalid" : null,
                "parentid" : "KqxEvI1Nb",
                "previewSettings" : null,
                "radius" : 0,
                "radiusBottomLeft" : 0,
                "radiusBottomRight" : 0,
                "radiusIsRelative" : false,
                "radiusPerCorner" : false,
                "radiusTopLeft" : 0,
                "radiusTopRight" : 0,
                "replicaInfo" : null,
                "right" : 0,
                "rotation" : 0,
                "top" : 415,
                "visible" : true,
                "width" : 375,
                "widthType" : 0
              },
              {
                "__class" : "FrameNode",
                "aspectRatio" : null,
                "blendingEnabled" : 0,
                "blendingMode" : "normal",
                "bottom" : null,
                "centerAnchorX" : 0.5,
                "centerAnchorY" : 0.93853073463268366,
                "children" : [

                ],
                "clip" : false,
                "codeOverrideEnabled" : true,
                "codeOverrideFile" : ".\/App.tsx",
                "codeOverrideIdentifier" : ".\/App.tsx_Slide04",
                "codeOverrideName" : "Slide04",
                "constraintsLocked" : true,
                "deviceType" : null,
                "exportOptions" : [

                ],
                "fillColor" : "rgba(255, 142, 5, 1.00)",
                "fillEnabled" : true,
                "fillGradient" : {
                  "__class" : "LinearGradient",
                  "alpha" : 1,
                  "angle" : 0,
                  "end" : "rgba(0,0,0,0)",
                  "start" : "black"
                },
                "fillImage" : null,
                "fillImagePixelHeight" : null,
                "fillImagePixelWidth" : null,
                "fillImageResize" : "fill",
                "fillType" : "color",
                "height" : 82,
                "heightType" : 0,
                "id" : "Zx3EgdLgY",
                "intrinsicHeight" : null,
                "intrinsicWidth" : null,
                "isExternalMaster" : null,
                "isMaster" : false,
                "isTarget" : false,
                "left" : 0,
                "locked" : false,
                "name" : "Slide4",
                "navigationTarget" : null,
                "navigationTransition" : "push",
                "navigationTransitionBackdropColor" : "rgba(4,4,15,.4)",
                "navigationTransitionDirection" : "left",
                "opacity" : 1,
                "originalid" : null,
                "parentid" : "KqxEvI1Nb",
                "previewSettings" : null,
                "radius" : 0,
                "radiusBottomLeft" : 0,
                "radiusBottomRight" : 0,
                "radiusIsRelative" : false,
                "radiusPerCorner" : false,
                "radiusTopLeft" : 0,
                "radiusTopRight" : 0,
                "replicaInfo" : null,
                "right" : 0,
                "rotation" : 0,
                "top" : 585,
                "visible" : true,
                "width" : 375,
                "widthType" : 0
              }
            ],
            "clip" : false,
            "codeOverrideEnabled" : true,
            "codeOverrideFile" : ".\/App.tsx",
            "codeOverrideIdentifier" : ".\/App.tsx_Stage02",
            "codeOverrideName" : "Stage02",
            "constraintsLocked" : false,
            "deviceType" : null,
            "exportOptions" : [

            ],
            "fillColor" : "rgba(255,255,255,1)",
            "fillEnabled" : false,
            "fillGradient" : {
              "__class" : "LinearGradient",
              "alpha" : 1,
              "angle" : 0,
              "end" : "rgba(0,0,0,0)",
              "start" : "black"
            },
            "fillImage" : null,
            "fillImagePixelHeight" : null,
            "fillImagePixelWidth" : null,
            "fillImageResize" : "fill",
            "fillType" : "color",
            "height" : 667,
            "heightType" : 0,
            "id" : "KqxEvI1Nb",
            "intrinsicHeight" : null,
            "intrinsicWidth" : null,
            "isExternalMaster" : null,
            "isMaster" : false,
            "isTarget" : false,
            "left" : 0,
            "locked" : false,
            "name" : "Stage02",
            "navigationTarget" : null,
            "navigationTransition" : "push",
            "navigationTransitionBackdropColor" : "rgba(4,4,15,.4)",
            "navigationTransitionDirection" : "left",
            "opacity" : 1,
            "originalid" : null,
            "parentid" : "d6_AGuoTF",
            "previewSettings" : null,
            "radius" : 0,
            "radiusBottomLeft" : 0,
            "radiusBottomRight" : 0,
            "radiusIsRelative" : false,
            "radiusPerCorner" : false,
            "radiusTopLeft" : 0,
            "radiusTopRight" : 0,
            "replicaInfo" : null,
            "right" : 0,
            "rotation" : 0,
            "top" : 0,
            "visible" : false,
            "width" : 375,
            "widthType" : 0
          },
          {
            "__class" : "FrameNode",
            "aspectRatio" : null,
            "blendingEnabled" : 0,
            "blendingMode" : "normal",
            "bottom" : 0,
            "centerAnchorX" : 0.5,
            "centerAnchorY" : 0.5,
            "children" : [
              {
                "__class" : "FrameNode",
                "aspectRatio" : 5.617647058823529,
                "blendingEnabled" : 0,
                "blendingMode" : "normal",
                "bottom" : 0,
                "centerAnchorX" : 0.5,
                "centerAnchorY" : 0.9497751124437781,
                "children" : [

                ],
                "clip" : false,
                "codeOverrideEnabled" : false,
                "constraintsLocked" : false,
                "deviceType" : null,
                "exportOptions" : [

                ],
                "fillColor" : "rgba(255,255,255,1)",
                "fillEnabled" : true,
                "fillGradient" : {
                  "__class" : "LinearGradient",
                  "alpha" : 1,
                  "angle" : 0,
                  "end" : "rgba(0,0,0,0)",
                  "start" : "black"
                },
                "fillImage" : "zyEax74FMljzEkKm9qMIaysIhk.png",
                "fillImagePixelHeight" : 68,
                "fillImagePixelWidth" : 382,
                "fillImageResize" : "fill",
                "fillType" : "image",
                "height" : 67,
                "heightType" : 0,
                "id" : "w97IptDfS",
                "intrinsicHeight" : 34,
                "intrinsicWidth" : 191,
                "isExternalMaster" : null,
                "isMaster" : false,
                "isTarget" : false,
                "left" : 0,
                "locked" : false,
                "name" : null,
                "navigationTarget" : null,
                "navigationTransition" : "push",
                "navigationTransitionBackdropColor" : "rgba(4,4,15,.4)",
                "navigationTransitionDirection" : "left",
                "opacity" : 1,
                "originalFilename" : "Screen Shot 2019-03-15 at 10.43.02 AM.png",
                "originalid" : null,
                "parentid" : "u1zbyrbam",
                "previewSettings" : null,
                "radius" : 0,
                "radiusBottomLeft" : 0,
                "radiusBottomRight" : 0,
                "radiusIsRelative" : false,
                "radiusPerCorner" : false,
                "radiusTopLeft" : 0,
                "radiusTopRight" : 0,
                "replicaInfo" : null,
                "right" : 0,
                "rotation" : 0,
                "top" : null,
                "visible" : true,
                "width" : 375,
                "widthType" : 0
              },
              {
                "__class" : "FrameNode",
                "aspectRatio" : 0.62012987012987009,
                "blendingEnabled" : 0,
                "blendingMode" : "normal",
                "bottom" : null,
                "centerAnchorX" : 0.5,
                "centerAnchorY" : 0.4535232383808096,
                "children" : [
                  {
                    "__class" : "FrameNode",
                    "aspectRatio" : null,
                    "blendingEnabled" : 0,
                    "blendingMode" : "normal",
                    "bottom" : 15,
                    "centerAnchorX" : 0.3803763440860215,
                    "centerAnchorY" : 0.91000000000000003,
                    "children" : [

                    ],
                    "clip" : false,
                    "codeOverrideEnabled" : false,
                    "constraintsLocked" : false,
                    "deviceType" : null,
                    "exportOptions" : [

                    ],
                    "fillColor" : "rgba(1, 0, 29, 1.00)",
                    "fillEnabled" : true,
                    "fillGradient" : {
                      "__class" : "LinearGradient",
                      "alpha" : 1,
                      "angle" : 0,
                      "end" : "rgba(0,0,0,0)",
                      "start" : "black"
                    },
                    "fillImage" : null,
                    "fillImagePixelHeight" : null,
                    "fillImagePixelWidth" : null,
                    "fillImageResize" : "fill",
                    "fillType" : "color",
                    "height" : 78,
                    "heightType" : 0,
                    "id" : "ejIqxhsOA",
                    "intrinsicHeight" : null,
                    "intrinsicWidth" : null,
                    "isExternalMaster" : null,
                    "isMaster" : false,
                    "isTarget" : false,
                    "left" : 17,
                    "locked" : true,
                    "name" : "Mask",
                    "navigationTarget" : null,
                    "navigationTransition" : "push",
                    "navigationTransitionBackdropColor" : "rgba(4,4,15,.4)",
                    "navigationTransitionDirection" : "left",
                    "opacity" : 1,
                    "originalid" : null,
                    "parentid" : "Cb2UPIWDm",
                    "previewSettings" : null,
                    "radius" : 0,
                    "radiusBottomLeft" : 0,
                    "radiusBottomRight" : 0,
                    "radiusIsRelative" : false,
                    "radiusPerCorner" : false,
                    "radiusTopLeft" : 0,
                    "radiusTopRight" : 0,
                    "replicaInfo" : null,
                    "right" : null,
                    "rotation" : 0,
                    "top" : null,
                    "visible" : true,
                    "width" : 249,
                    "widthType" : 0
                  },
                  {
                    "__class" : "FrameNode",
                    "aspectRatio" : null,
                    "blendingEnabled" : 0,
                    "blendingMode" : "normal",
                    "bottom" : 106,
                    "centerAnchorX" : 0.36021505376344087,
                    "centerAnchorY" : 0.77500000000000002,
                    "children" : [
                      {
                        "__class" : "FrameNode",
                        "aspectRatio" : 3.5333333333333332,
                        "blendingEnabled" : 0,
                        "blendingMode" : "normal",
                        "bottom" : 10,
                        "centerAnchorX" : 0.3108108108108108,
                        "centerAnchorY" : 0.57758620689655171,
                        "children" : [

                        ],
                        "clip" : false,
                        "codeOverrideEnabled" : false,
                        "constraintsLocked" : false,
                        "deviceType" : null,
                        "exportOptions" : [

                        ],
                        "fillColor" : "rgba(255,255,255,1)",
                        "fillEnabled" : true,
                        "fillGradient" : {
                          "__class" : "LinearGradient",
                          "alpha" : 1,
                          "angle" : 0,
                          "end" : "rgba(0,0,0,0)",
                          "start" : "black"
                        },
                        "fillImage" : "AYvOu0nWzugk4nlonvzte0LBc.png",
                        "fillImagePixelHeight" : 30,
                        "fillImagePixelWidth" : 106,
                        "fillImageResize" : "fill",
                        "fillType" : "image",
                        "height" : 29,
                        "heightType" : 0,
                        "id" : "h7PkGD_T0",
                        "intrinsicHeight" : 15,
                        "intrinsicWidth" : 53,
                        "isExternalMaster" : null,
                        "isMaster" : false,
                        "isTarget" : false,
                        "left" : 18,
                        "locked" : false,
                        "name" : null,
                        "navigationTarget" : null,
                        "navigationTransition" : "push",
                        "navigationTransitionBackdropColor" : "rgba(4,4,15,.4)",
                        "navigationTransitionDirection" : "left",
                        "opacity" : 1,
                        "originalFilename" : "Screen Shot 2019-03-15 at 11.06.21 AM.png",
                        "originalid" : null,
                        "parentid" : "DSs_wR6x_",
                        "previewSettings" : null,
                        "radius" : 0,
                        "radiusBottomLeft" : 0,
                        "radiusBottomRight" : 0,
                        "radiusIsRelative" : false,
                        "radiusPerCorner" : false,
                        "radiusTopLeft" : 0,
                        "radiusTopRight" : 0,
                        "replicaInfo" : null,
                        "right" : null,
                        "rotation" : 0,
                        "top" : null,
                        "visible" : true,
                        "width" : 102,
                        "widthType" : 0
                      },
                      {
                        "__class" : "FrameNode",
                        "aspectRatio" : 2.3125,
                        "blendingEnabled" : 0,
                        "blendingMode" : "normal",
                        "bottom" : 9,
                        "centerAnchorX" : 0.7004504504504504,
                        "centerAnchorY" : 0.58620689655172409,
                        "children" : [

                        ],
                        "clip" : false,
                        "codeOverrideEnabled" : false,
                        "constraintsLocked" : false,
                        "deviceType" : null,
                        "exportOptions" : [

                        ],
                        "fillColor" : "rgba(255,255,255,1)",
                        "fillEnabled" : true,
                        "fillGradient" : {
                          "__class" : "LinearGradient",
                          "alpha" : 1,
                          "angle" : 0,
                          "end" : "rgba(0,0,0,0)",
                          "start" : "black"
                        },
                        "fillImage" : "YkVvF0FCl2X3H4OX8hkJgBS6Sg.png",
                        "fillImagePixelHeight" : 32,
                        "fillImagePixelWidth" : 74,
                        "fillImageResize" : "fill",
                        "fillType" : "image",
                        "height" : 30,
                        "heightType" : 0,
                        "id" : "ptURMP_tu",
                        "intrinsicHeight" : 16,
                        "intrinsicWidth" : 37,
                        "isExternalMaster" : null,
                        "isMaster" : false,
                        "isTarget" : false,
                        "left" : null,
                        "locked" : false,
                        "name" : null,
                        "navigationTarget" : null,
                        "navigationTransition" : "push",
                        "navigationTransitionBackdropColor" : "rgba(4,4,15,.4)",
                        "navigationTransitionDirection" : "left",
                        "opacity" : 1,
                        "originalFilename" : "Screen Shot 2019-03-15 at 11.06.01 AM.png",
                        "originalid" : null,
                        "parentid" : "DSs_wR6x_",
                        "previewSettings" : null,
                        "radius" : 0,
                        "radiusBottomLeft" : 0,
                        "radiusBottomRight" : 0,
                        "radiusIsRelative" : false,
                        "radiusPerCorner" : false,
                        "radiusTopLeft" : 0,
                        "radiusTopRight" : 0,
                        "replicaInfo" : null,
                        "right" : 32,
                        "rotation" : 0,
                        "top" : null,
                        "visible" : true,
                        "width" : 69,
                        "widthType" : 0
                      },
                      {
                        "__class" : "FrameNode",
                        "aspectRatio" : 0.69230769230769229,
                        "blendingEnabled" : 0,
                        "blendingMode" : "normal",
                        "bottom" : null,
                        "centerAnchorX" : 0.90315315315315314,
                        "centerAnchorY" : 0.51724137931034486,
                        "children" : [

                        ],
                        "clip" : false,
                        "codeOverrideEnabled" : false,
                        "constraintsLocked" : false,
                        "deviceType" : null,
                        "exportOptions" : [

                        ],
                        "fillColor" : "rgba(255,255,255,1)",
                        "fillEnabled" : true,
                        "fillGradient" : {
                          "__class" : "LinearGradient",
                          "alpha" : 1,
                          "angle" : 0,
                          "end" : "rgba(0,0,0,0)",
                          "start" : "black"
                        },
                        "fillImage" : "dl7ua6S1NatbStfW3oGQrbd74.png",
                        "fillImagePixelHeight" : 78,
                        "fillImagePixelWidth" : 54,
                        "fillImageResize" : "fill",
                        "fillType" : "image",
                        "height" : 22,
                        "heightType" : 0,
                        "id" : "ToBBRNPbW",
                        "intrinsicHeight" : 39,
                        "intrinsicWidth" : 27,
                        "isExternalMaster" : null,
                        "isMaster" : false,
                        "isTarget" : false,
                        "left" : null,
                        "locked" : false,
                        "name" : null,
                        "navigationTarget" : null,
                        "navigationTransition" : "push",
                        "navigationTransitionBackdropColor" : "rgba(4,4,15,.4)",
                        "navigationTransitionDirection" : "left",
                        "opacity" : 1,
                        "originalFilename" : "",
                        "originalid" : null,
                        "parentid" : "DSs_wR6x_",
                        "previewSettings" : null,
                        "radius" : 0,
                        "radiusBottomLeft" : 0,
                        "radiusBottomRight" : 0,
                        "radiusIsRelative" : false,
                        "radiusPerCorner" : false,
                        "radiusTopLeft" : 0,
                        "radiusTopRight" : 0,
                        "replicaInfo" : null,
                        "right" : 14,
                        "rotation" : 0,
                        "top" : null,
                        "visible" : true,
                        "width" : 15,
                        "widthType" : 0
                      }
                    ],
                    "clip" : false,
                    "codeOverrideEnabled" : false,
                    "constraintsLocked" : false,
                    "deviceType" : null,
                    "exportOptions" : [

                    ],
                    "fillColor" : "rgba(8, 7, 40, 1.00)",
                    "fillEnabled" : true,
                    "fillGradient" : {
                      "__class" : "LinearGradient",
                      "alpha" : 1,
                      "angle" : 0,
                      "end" : "rgba(0,0,0,0)",
                      "start" : "black"
                    },
                    "fillImage" : null,
                    "fillImagePixelHeight" : null,
                    "fillImagePixelWidth" : null,
                    "fillImageResize" : "fill",
                    "fillType" : "color",
                    "height" : 58,
                    "heightType" : 0,
                    "id" : "DSs_wR6x_",
                    "intrinsicHeight" : null,
                    "intrinsicWidth" : null,
                    "isExternalMaster" : null,
                    "isMaster" : false,
                    "isTarget" : false,
                    "left" : 23,
                    "locked" : false,
                    "name" : "Button",
                    "navigationTarget" : null,
                    "navigationTransition" : "push",
                    "navigationTransitionBackdropColor" : "rgba(4,4,15,.4)",
                    "navigationTransitionDirection" : "left",
                    "opacity" : 1,
                    "originalid" : null,
                    "parentid" : "Cb2UPIWDm",
                    "previewSettings" : null,
                    "radius" : 100,
                    "radiusBottomLeft" : 100,
                    "radiusBottomRight" : 100,
                    "radiusIsRelative" : false,
                    "radiusPerCorner" : false,
                    "radiusTopLeft" : 100,
                    "radiusTopRight" : 100,
                    "replicaInfo" : null,
                    "right" : null,
                    "rotation" : 0,
                    "top" : null,
                    "visible" : true,
                    "width" : 222,
                    "widthType" : 0
                  },
                  {
                    "__class" : "FrameNode",
                    "aspectRatio" : 1.6111111111111112,
                    "blendingEnabled" : 0,
                    "blendingMode" : "normal",
                    "bottom" : null,
                    "centerAnchorX" : 0.071236559139784952,
                    "centerAnchorY" : 0.32583333333333331,
                    "children" : [

                    ],
                    "clip" : false,
                    "codeOverrideEnabled" : false,
                    "constraintsLocked" : false,
                    "deviceType" : null,
                    "exportOptions" : [

                    ],
                    "fillColor" : "rgba(255,255,255,1)",
                    "fillEnabled" : true,
                    "fillGradient" : {
                      "__class" : "LinearGradient",
                      "alpha" : 1,
                      "angle" : 0,
                      "end" : "rgba(0,0,0,0)",
                      "start" : "black"
                    },
                    "fillImage" : "74r0HxUbRTYcaSH96cBfe7VQ54.png",
                    "fillImagePixelHeight" : 36,
                    "fillImagePixelWidth" : 58,
                    "fillImageResize" : "fill",
                    "fillType" : "image",
                    "height" : 33,
                    "heightType" : 0,
                    "id" : "qUh_c5K4C",
                    "intrinsicHeight" : 18,
                    "intrinsicWidth" : 29,
                    "isExternalMaster" : null,
                    "isMaster" : false,
                    "isTarget" : false,
                    "left" : 0,
                    "locked" : false,
                    "name" : "ActiveEye",
                    "navigationTarget" : null,
                    "navigationTransition" : "push",
                    "navigationTransitionBackdropColor" : "rgba(4,4,15,.4)",
                    "navigationTransitionDirection" : "left",
                    "opacity" : 1,
                    "originalFilename" : "Screen Shot 2019-03-15 at 11.07.49 AM.png",
                    "originalid" : null,
                    "parentid" : "Cb2UPIWDm",
                    "previewSettings" : null,
                    "radius" : 0,
                    "radiusBottomLeft" : 0,
                    "radiusBottomRight" : 0,
                    "radiusIsRelative" : false,
                    "radiusPerCorner" : false,
                    "radiusTopLeft" : 0,
                    "radiusTopRight" : 0,
                    "replicaInfo" : null,
                    "right" : null,
                    "rotation" : 0,
                    "top" : 179,
                    "visible" : true,
                    "width" : 53,
                    "widthType" : 0
                  }
                ],
                "clip" : false,
                "codeOverrideEnabled" : false,
                "constraintsLocked" : false,
                "deviceType" : null,
                "exportOptions" : [

                ],
                "fillColor" : "rgba(255,255,255,1)",
                "fillEnabled" : true,
                "fillGradient" : {
                  "__class" : "LinearGradient",
                  "alpha" : 1,
                  "angle" : 0,
                  "end" : "rgba(0,0,0,0)",
                  "start" : "black"
                },
                "fillImage" : "ZJPPI1Izrct3TIQhRAWBEoUJPOo.png",
                "fillImagePixelHeight" : 616,
                "fillImagePixelWidth" : 382,
                "fillImageResize" : "fill",
                "fillType" : "image",
                "height" : 605,
                "heightType" : 0,
                "id" : "Cb2UPIWDm",
                "intrinsicHeight" : 308,
                "intrinsicWidth" : 191,
                "isExternalMaster" : null,
                "isMaster" : false,
                "isTarget" : false,
                "left" : 0,
                "locked" : false,
                "name" : null,
                "navigationTarget" : null,
                "navigationTransition" : "push",
                "navigationTransitionBackdropColor" : "rgba(4,4,15,.4)",
                "navigationTransitionDirection" : "left",
                "opacity" : 1,
                "originalFilename" : "Screen Shot 2019-03-15 at 11.07.14 AM.png",
                "originalid" : null,
                "parentid" : "u1zbyrbam",
                "previewSettings" : null,
                "radius" : 0,
                "radiusBottomLeft" : 0,
                "radiusBottomRight" : 0,
                "radiusIsRelative" : false,
                "radiusPerCorner" : false,
                "radiusTopLeft" : 0,
                "radiusTopRight" : 0,
                "replicaInfo" : null,
                "right" : 0,
                "rotation" : 0,
                "top" : 0,
                "visible" : true,
                "width" : 375,
                "widthType" : 0
              }
            ],
            "clip" : false,
            "codeOverrideEnabled" : true,
            "codeOverrideFile" : ".\/App.tsx",
            "codeOverrideIdentifier" : ".\/App.tsx_Stage03",
            "codeOverrideName" : "Stage03",
            "constraintsLocked" : false,
            "deviceType" : null,
            "exportOptions" : [

            ],
            "fillColor" : "rgba(255,255,255,1)",
            "fillEnabled" : false,
            "fillGradient" : {
              "__class" : "LinearGradient",
              "alpha" : 1,
              "angle" : 0,
              "end" : "rgba(0,0,0,0)",
              "start" : "black"
            },
            "fillImage" : null,
            "fillImagePixelHeight" : null,
            "fillImagePixelWidth" : null,
            "fillImageResize" : "fill",
            "fillType" : "color",
            "height" : 667,
            "heightType" : 0,
            "id" : "u1zbyrbam",
            "intrinsicHeight" : null,
            "intrinsicWidth" : null,
            "isExternalMaster" : null,
            "isMaster" : false,
            "isTarget" : false,
            "left" : 0,
            "locked" : false,
            "name" : "Stage03",
            "navigationTarget" : null,
            "navigationTransition" : "push",
            "navigationTransitionBackdropColor" : "rgba(4,4,15,.4)",
            "navigationTransitionDirection" : "left",
            "opacity" : 1,
            "originalid" : null,
            "parentid" : "d6_AGuoTF",
            "previewSettings" : null,
            "radius" : 0,
            "radiusBottomLeft" : 0,
            "radiusBottomRight" : 0,
            "radiusIsRelative" : false,
            "radiusPerCorner" : false,
            "radiusTopLeft" : 0,
            "radiusTopRight" : 0,
            "replicaInfo" : null,
            "right" : 0,
            "rotation" : 0,
            "top" : 0,
            "visible" : false,
            "width" : 375,
            "widthType" : 0
          },
          {
            "__class" : "FrameNode",
            "aspectRatio" : null,
            "blendingEnabled" : 0,
            "blendingMode" : "normal",
            "bottom" : -43,
            "centerAnchorX" : 0.5,
            "centerAnchorY" : 0.56521739130434778,
            "children" : [
              {
                "__class" : "FrameNode",
                "aspectRatio" : 0.83263598326359833,
                "blendingEnabled" : 0,
                "blendingMode" : "normal",
                "bottom" : null,
                "centerAnchorX" : 0.5,
                "centerAnchorY" : 0.33783783783783783,
                "children" : [

                ],
                "clip" : false,
                "codeOverrideEnabled" : false,
                "constraintsLocked" : false,
                "deviceType" : null,
                "exportOptions" : [

                ],
                "fillColor" : "rgba(255,255,255,1)",
                "fillEnabled" : true,
                "fillGradient" : {
                  "__class" : "LinearGradient",
                  "alpha" : 1,
                  "angle" : 0,
                  "end" : "rgba(0,0,0,0)",
                  "start" : "black"
                },
                "fillImage" : "3gPimEoEGJ9rYGFjRz4X6Gv66A.png",
                "fillImagePixelHeight" : 478,
                "fillImagePixelWidth" : 398,
                "fillImageResize" : "fill",
                "fillType" : "image",
                "height" : 450,
                "heightType" : 0,
                "id" : "DQR0nHGsc",
                "intrinsicHeight" : 239,
                "intrinsicWidth" : 199,
                "isExternalMaster" : null,
                "isMaster" : false,
                "isTarget" : false,
                "left" : 0,
                "locked" : false,
                "name" : null,
                "navigationTarget" : null,
                "navigationTransition" : "push",
                "navigationTransitionBackdropColor" : "rgba(4,4,15,.4)",
                "navigationTransitionDirection" : "left",
                "opacity" : 1,
                "originalFilename" : "Group 5 (1).png",
                "originalid" : null,
                "parentid" : "AGzRhUClf",
                "previewSettings" : null,
                "radius" : 0,
                "radiusBottomLeft" : 0,
                "radiusBottomRight" : 0,
                "radiusIsRelative" : false,
                "radiusPerCorner" : false,
                "radiusTopLeft" : 0,
                "radiusTopRight" : 0,
                "replicaInfo" : null,
                "right" : 0,
                "rotation" : 0,
                "top" : 0,
                "visible" : true,
                "width" : 375,
                "widthType" : 0
              },
              {
                "__class" : "FrameNode",
                "aspectRatio" : null,
                "blendingEnabled" : 0,
                "blendingMode" : "normal",
                "bottom" : 43,
                "centerAnchorX" : 0.5,
                "centerAnchorY" : 0.80555555555555558,
                "children" : [

                ],
                "clip" : true,
                "codeOverrideEnabled" : false,
                "constraintsLocked" : false,
                "deviceType" : null,
                "exportOptions" : [

                ],
                "fillColor" : "rgba(243, 236, 237, 1.00)",
                "fillEnabled" : true,
                "fillGradient" : {
                  "__class" : "LinearGradient",
                  "alpha" : 1,
                  "angle" : 0,
                  "end" : "rgba(0,0,0,0)",
                  "start" : "black"
                },
                "fillImage" : null,
                "fillImagePixelHeight" : null,
                "fillImagePixelWidth" : null,
                "fillImageResize" : "fill",
                "fillType" : "color",
                "height" : 173,
                "heightType" : 0,
                "id" : "beUobSWPl",
                "intrinsicHeight" : null,
                "intrinsicWidth" : null,
                "isExternalMaster" : null,
                "isMaster" : false,
                "isTarget" : false,
                "left" : 0,
                "locked" : false,
                "name" : null,
                "navigationTarget" : null,
                "navigationTransition" : "push",
                "navigationTransitionBackdropColor" : "rgba(4,4,15,.4)",
                "navigationTransitionDirection" : "left",
                "opacity" : 1,
                "originalid" : null,
                "parentid" : "AGzRhUClf",
                "previewSettings" : null,
                "radius" : 0,
                "radiusBottomLeft" : 0,
                "radiusBottomRight" : 0,
                "radiusIsRelative" : false,
                "radiusPerCorner" : false,
                "radiusTopLeft" : 0,
                "radiusTopRight" : 0,
                "replicaInfo" : null,
                "right" : 0,
                "rotation" : 0,
                "top" : null,
                "visible" : true,
                "width" : 375,
                "widthType" : 0
              },
              {
                "__class" : "FrameNode",
                "aspectRatio" : 3.7037037037037037,
                "blendingEnabled" : 0,
                "blendingMode" : "normal",
                "bottom" : 0,
                "centerAnchorX" : 0.5,
                "centerAnchorY" : 0.92417417417417413,
                "children" : [

                ],
                "clip" : false,
                "codeOverrideEnabled" : false,
                "constraintsLocked" : false,
                "deviceType" : null,
                "exportOptions" : [

                ],
                "fillColor" : "rgba(255,255,255,1)",
                "fillEnabled" : true,
                "fillGradient" : {
                  "__class" : "LinearGradient",
                  "alpha" : 1,
                  "angle" : 0,
                  "end" : "rgba(0,0,0,0)",
                  "start" : "black"
                },
                "fillImage" : "25Atp5xHIV2AR6ZwvPcOJd8q2k.png",
                "fillImagePixelHeight" : 108,
                "fillImagePixelWidth" : 400,
                "fillImageResize" : "fill",
                "fillType" : "image",
                "height" : 101,
                "heightType" : 0,
                "id" : "Z57arcPBX",
                "intrinsicHeight" : 54,
                "intrinsicWidth" : 200,
                "isExternalMaster" : null,
                "isMaster" : false,
                "isTarget" : false,
                "left" : 0,
                "locked" : false,
                "name" : "Card02",
                "navigationTarget" : null,
                "navigationTransition" : "push",
                "navigationTransitionBackdropColor" : "rgba(4,4,15,.4)",
                "navigationTransitionDirection" : "left",
                "opacity" : 1,
                "originalFilename" : "Screen Shot 2019-03-15 at 11.14.54 AM.png",
                "originalid" : null,
                "parentid" : "AGzRhUClf",
                "previewSettings" : null,
                "radius" : 0,
                "radiusBottomLeft" : 0,
                "radiusBottomRight" : 0,
                "radiusIsRelative" : false,
                "radiusPerCorner" : false,
                "radiusTopLeft" : 0,
                "radiusTopRight" : 0,
                "replicaInfo" : null,
                "right" : 0,
                "rotation" : 0,
                "top" : null,
                "visible" : true,
                "width" : 375,
                "widthType" : 0
              },
              {
                "__class" : "FrameNode",
                "aspectRatio" : null,
                "blendingEnabled" : 0,
                "blendingMode" : "normal",
                "bottom" : 101,
                "boxShadows" : [
                  {
                    "__class" : "BoxShadow",
                    "blur" : 5,
                    "color" : "rgba(0,0,0,0.25)",
                    "enabled" : true,
                    "inset" : false,
                    "spread" : 0,
                    "x" : 0,
                    "y" : 2
                  }
                ],
                "centerAnchorX" : 0.5,
                "centerAnchorY" : 0.68693693693693691,
                "children" : [
                  {
                    "__class" : "FrameNode",
                    "aspectRatio" : 3.3166666666666669,
                    "blendingEnabled" : 0,
                    "blendingMode" : "normal",
                    "bottom" : null,
                    "centerAnchorX" : 0.49858356940509913,
                    "centerAnchorY" : 0.37579617834394907,
                    "children" : [

                    ],
                    "clip" : false,
                    "codeOverrideEnabled" : false,
                    "constraintsLocked" : false,
                    "deviceType" : null,
                    "exportOptions" : [

                    ],
                    "fillColor" : "rgba(255,255,255,1)",
                    "fillEnabled" : true,
                    "fillGradient" : {
                      "__class" : "LinearGradient",
                      "alpha" : 1,
                      "angle" : 0,
                      "end" : "rgba(0,0,0,0)",
                      "start" : "black"
                    },
                    "fillImage" : "KVijlmcWJU7Dw2Tl0oGFYsOnwu4.png",
                    "fillImagePixelHeight" : 120,
                    "fillImagePixelWidth" : 398,
                    "fillImageResize" : "fill",
                    "fillType" : "image",
                    "height" : 106,
                    "heightType" : 0,
                    "id" : "qW18xMV3P",
                    "intrinsicHeight" : 60,
                    "intrinsicWidth" : 199,
                    "isExternalMaster" : null,
                    "isMaster" : false,
                    "isTarget" : false,
                    "left" : 0,
                    "locked" : false,
                    "name" : null,
                    "navigationTarget" : null,
                    "navigationTransition" : "push",
                    "navigationTransitionBackdropColor" : "rgba(4,4,15,.4)",
                    "navigationTransitionDirection" : "left",
                    "opacity" : 1,
                    "originalFilename" : "Screen Shot 2019-03-15 at 10.44.34 AM.png",
                    "originalid" : null,
                    "parentid" : "t3L9BVHV4",
                    "previewSettings" : null,
                    "radius" : 0,
                    "radiusBottomLeft" : 0,
                    "radiusBottomRight" : 0,
                    "radiusIsRelative" : false,
                    "radiusPerCorner" : false,
                    "radiusTopLeft" : 0,
                    "radiusTopRight" : 0,
                    "replicaInfo" : null,
                    "right" : 1,
                    "rotation" : 0,
                    "top" : 6,
                    "visible" : true,
                    "width" : 352,
                    "widthType" : 0
                  },
                  {
                    "__class" : "FrameNode",
                    "aspectRatio" : 2.2359550561797752,
                    "blendingEnabled" : 0,
                    "blendingMode" : "normal",
                    "bottom" : -76,
                    "centerAnchorX" : 0.5,
                    "centerAnchorY" : 0.98604651162790702,
                    "children" : [

                    ],
                    "clip" : false,
                    "codeOverrideEnabled" : false,
                    "constraintsLocked" : false,
                    "deviceType" : null,
                    "exportOptions" : [

                    ],
                    "fillColor" : "rgba(255,255,255,1)",
                    "fillEnabled" : true,
                    "fillGradient" : {
                      "__class" : "LinearGradient",
                      "alpha" : 1,
                      "angle" : 0,
                      "end" : "rgba(0,0,0,0)",
                      "start" : "black"
                    },
                    "fillImage" : "MheNR8uxR69nnmF9p87A3XrFms.png",
                    "fillImagePixelHeight" : 178,
                    "fillImagePixelWidth" : 398,
                    "fillImageResize" : "fill",
                    "fillType" : "image",
                    "height" : 158,
                    "heightType" : 0,
                    "id" : "J35NHuMvK",
                    "intrinsicHeight" : 89,
                    "intrinsicWidth" : 199,
                    "isExternalMaster" : null,
                    "isMaster" : false,
                    "isTarget" : false,
                    "left" : 0,
                    "locked" : false,
                    "name" : null,
                    "navigationTarget" : null,
                    "navigationTransition" : "push",
                    "navigationTransitionBackdropColor" : "rgba(4,4,15,.4)",
                    "navigationTransitionDirection" : "left",
                    "opacity" : 1,
                    "originalFilename" : "Screen Shot 2019-03-15 at 10.44.44 AM.png",
                    "originalid" : null,
                    "parentid" : "t3L9BVHV4",
                    "previewSettings" : null,
                    "radius" : 0,
                    "radiusBottomLeft" : 0,
                    "radiusBottomRight" : 0,
                    "radiusIsRelative" : false,
                    "radiusPerCorner" : false,
                    "radiusTopLeft" : 0,
                    "radiusTopRight" : 0,
                    "replicaInfo" : null,
                    "right" : 0,
                    "rotation" : 0,
                    "top" : null,
                    "visible" : true,
                    "width" : 353,
                    "widthType" : 0
                  }
                ],
                "clip" : true,
                "codeOverrideEnabled" : false,
                "constraintsLocked" : false,
                "deviceType" : null,
                "exportOptions" : [

                ],
                "fillColor" : "rgba(255, 255, 255, 1.00)",
                "fillEnabled" : true,
                "fillGradient" : {
                  "__class" : "LinearGradient",
                  "alpha" : 1,
                  "angle" : 0,
                  "end" : "rgba(0,0,0,0)",
                  "start" : "black"
                },
                "fillImage" : null,
                "fillImagePixelHeight" : null,
                "fillImagePixelWidth" : null,
                "fillImageResize" : "fill",
                "fillType" : "color",
                "height" : 215,
                "heightType" : 0,
                "id" : "t3L9BVHV4",
                "intrinsicHeight" : null,
                "intrinsicWidth" : null,
                "isExternalMaster" : null,
                "isMaster" : false,
                "isTarget" : false,
                "left" : 11,
                "locked" : false,
                "name" : "Card01",
                "navigationTarget" : null,
                "navigationTransition" : "push",
                "navigationTransitionBackdropColor" : "rgba(4,4,15,.4)",
                "navigationTransitionDirection" : "left",
                "opacity" : 1,
                "originalid" : null,
                "parentid" : "AGzRhUClf",
                "previewSettings" : null,
                "radius" : 5,
                "radiusBottomLeft" : 5,
                "radiusBottomRight" : 5,
                "radiusIsRelative" : false,
                "radiusPerCorner" : false,
                "radiusTopLeft" : 5,
                "radiusTopRight" : 5,
                "replicaInfo" : null,
                "right" : 11,
                "rotation" : 0,
                "top" : null,
                "visible" : true,
                "width" : 353,
                "widthType" : 0
              },
              {
                "__class" : "FrameNode",
                "aspectRatio" : null,
                "blendingEnabled" : 0,
                "blendingMode" : "normal",
                "bottom" : 42,
                "centerAnchorX" : 0.5,
                "centerAnchorY" : 0.81981981981981977,
                "children" : [
                  {
                    "__class" : "FrameNode",
                    "aspectRatio" : 4.5227272727272725,
                    "blendingEnabled" : 0,
                    "blendingMode" : "normal",
                    "bottom" : null,
                    "centerAnchorX" : 0.5,
                    "centerAnchorY" : 0.26602564102564102,
                    "children" : [

                    ],
                    "clip" : false,
                    "codeOverrideEnabled" : false,
                    "constraintsLocked" : false,
                    "deviceType" : null,
                    "exportOptions" : [

                    ],
                    "fillColor" : "rgba(255,255,255,1)",
                    "fillEnabled" : true,
                    "fillGradient" : {
                      "__class" : "LinearGradient",
                      "alpha" : 1,
                      "angle" : 0,
                      "end" : "rgba(0,0,0,0)",
                      "start" : "black"
                    },
                    "fillImage" : "A4bLdm0dHNauOQzsgPQRbO3Lps.png",
                    "fillImagePixelHeight" : 88,
                    "fillImagePixelWidth" : 398,
                    "fillImageResize" : "fill",
                    "fillType" : "image",
                    "height" : 83,
                    "heightType" : 0,
                    "id" : "l5jhN7iD_",
                    "intrinsicHeight" : 44,
                    "intrinsicWidth" : 199,
                    "isExternalMaster" : null,
                    "isMaster" : false,
                    "isTarget" : false,
                    "left" : 0,
                    "locked" : false,
                    "name" : null,
                    "navigationTarget" : null,
                    "navigationTransition" : "push",
                    "navigationTransitionBackdropColor" : "rgba(4,4,15,.4)",
                    "navigationTransitionDirection" : "left",
                    "opacity" : 1,
                    "originalid" : null,
                    "parentid" : "sWvmKOppi",
                    "previewSettings" : null,
                    "radius" : 0,
                    "radiusBottomLeft" : 0,
                    "radiusBottomRight" : 0,
                    "radiusIsRelative" : false,
                    "radiusPerCorner" : false,
                    "radiusTopLeft" : 0,
                    "radiusTopRight" : 0,
                    "replicaInfo" : null,
                    "right" : 0,
                    "rotation" : 0,
                    "top" : 0,
                    "visible" : true,
                    "width" : 375,
                    "widthType" : 0
                  },
                  {
                    "__class" : "FrameNode",
                    "aspectRatio" : 5.1025641025641022,
                    "blendingEnabled" : 0,
                    "blendingMode" : "normal",
                    "bottom" : 0,
                    "centerAnchorX" : 0.496,
                    "centerAnchorY" : 0.76602564102564108,
                    "children" : [

                    ],
                    "clip" : false,
                    "codeOverrideEnabled" : false,
                    "constraintsLocked" : false,
                    "deviceType" : null,
                    "exportOptions" : [

                    ],
                    "fillColor" : "rgba(255,255,255,1)",
                    "fillEnabled" : true,
                    "fillGradient" : {
                      "__class" : "LinearGradient",
                      "alpha" : 1,
                      "angle" : 0,
                      "end" : "rgba(0,0,0,0)",
                      "start" : "black"
                    },
                    "fillImage" : "mSbAsXuO8qbrPtmcRcYSNQ0x7Q.png",
                    "fillImagePixelHeight" : 78,
                    "fillImagePixelWidth" : 398,
                    "fillImageResize" : "fill",
                    "fillType" : "image",
                    "height" : 73,
                    "heightType" : 0,
                    "id" : "cYFCa42VY",
                    "intrinsicHeight" : 39,
                    "intrinsicWidth" : 199,
                    "isExternalMaster" : null,
                    "isMaster" : false,
                    "isTarget" : false,
                    "left" : 0,
                    "locked" : false,
                    "name" : null,
                    "navigationTarget" : null,
                    "navigationTransition" : "push",
                    "navigationTransitionBackdropColor" : "rgba(4,4,15,.4)",
                    "navigationTransitionDirection" : "left",
                    "opacity" : 1,
                    "originalid" : null,
                    "parentid" : "sWvmKOppi",
                    "previewSettings" : null,
                    "radius" : 0,
                    "radiusBottomLeft" : 0,
                    "radiusBottomRight" : 0,
                    "radiusIsRelative" : false,
                    "radiusPerCorner" : false,
                    "radiusTopLeft" : 0,
                    "radiusTopRight" : 0,
                    "replicaInfo" : null,
                    "right" : 3,
                    "rotation" : 0,
                    "top" : null,
                    "visible" : true,
                    "width" : 372,
                    "widthType" : 0
                  }
                ],
                "clip" : true,
                "codeOverrideEnabled" : false,
                "constraintsLocked" : false,
                "deviceType" : null,
                "exportOptions" : [

                ],
                "fillColor" : "rgba(255,255,255,1)",
                "fillEnabled" : true,
                "fillGradient" : {
                  "__class" : "LinearGradient",
                  "alpha" : 1,
                  "angle" : 0,
                  "end" : "rgba(0,0,0,0)",
                  "start" : "black"
                },
                "fillImage" : null,
                "fillImagePixelHeight" : null,
                "fillImagePixelWidth" : null,
                "fillImageResize" : "fill",
                "fillType" : "color",
                "height" : 156,
                "heightType" : 0,
                "id" : "sWvmKOppi",
                "intrinsicHeight" : null,
                "intrinsicWidth" : null,
                "isExternalMaster" : null,
                "isMaster" : false,
                "isTarget" : false,
                "left" : 0,
                "locked" : false,
                "name" : "Actions",
                "navigationTarget" : null,
                "navigationTransition" : "push",
                "navigationTransitionBackdropColor" : "rgba(4,4,15,.4)",
                "navigationTransitionDirection" : "left",
                "opacity" : 1,
                "originalid" : null,
                "parentid" : "AGzRhUClf",
                "previewSettings" : null,
                "radius" : 0,
                "radiusBottomLeft" : 0,
                "radiusBottomRight" : 0,
                "radiusIsRelative" : false,
                "radiusPerCorner" : false,
                "radiusTopLeft" : 0,
                "radiusTopRight" : 0,
                "replicaInfo" : null,
                "right" : 0,
                "rotation" : 0,
                "top" : null,
                "visible" : true,
                "width" : 375,
                "widthType" : 0
              }
            ],
            "clip" : true,
            "codeOverrideEnabled" : true,
            "codeOverrideFile" : ".\/App.tsx",
            "codeOverrideIdentifier" : ".\/App.tsx_Stage04",
            "codeOverrideName" : "Stage04",
            "constraintsLocked" : false,
            "deviceType" : null,
            "exportOptions" : [

            ],
            "fillColor" : "rgba(255,255,255,1)",
            "fillEnabled" : false,
            "fillGradient" : {
              "__class" : "LinearGradient",
              "alpha" : 1,
              "angle" : 0,
              "end" : "rgba(0,0,0,0)",
              "start" : "black"
            },
            "fillImage" : null,
            "fillImagePixelHeight" : null,
            "fillImagePixelWidth" : null,
            "fillImageResize" : "fill",
            "fillType" : "color",
            "height" : 666,
            "heightType" : 0,
            "id" : "AGzRhUClf",
            "intrinsicHeight" : null,
            "intrinsicWidth" : null,
            "isExternalMaster" : null,
            "isMaster" : false,
            "isTarget" : false,
            "left" : 0,
            "locked" : false,
            "name" : "Stage04",
            "navigationTarget" : null,
            "navigationTransition" : "push",
            "navigationTransitionBackdropColor" : "rgba(4,4,15,.4)",
            "navigationTransitionDirection" : "left",
            "opacity" : 1,
            "originalid" : null,
            "parentid" : "d6_AGuoTF",
            "previewSettings" : null,
            "radius" : 0,
            "radiusBottomLeft" : 0,
            "radiusBottomRight" : 0,
            "radiusIsRelative" : false,
            "radiusPerCorner" : false,
            "radiusTopLeft" : 0,
            "radiusTopRight" : 0,
            "replicaInfo" : null,
            "right" : 0,
            "rotation" : 0,
            "top" : 44,
            "visible" : false,
            "width" : 375,
            "widthType" : 0
          }
        ],
        "clip" : true,
        "codeOverrideEnabled" : false,
        "constraintsLocked" : false,
        "deviceType" : "framer\/FramerAppleIPhone8",
        "exportOptions" : [

        ],
        "fillColor" : "#030322",
        "fillEnabled" : true,
        "fillGradient" : {
          "__class" : "LinearGradient",
          "alpha" : 1,
          "angle" : 0,
          "end" : "rgba(0,0,0,0)",
          "start" : "black"
        },
        "fillImage" : null,
        "fillImagePixelHeight" : null,
        "fillImagePixelWidth" : null,
        "fillImageResize" : "fill",
        "fillType" : "color",
        "height" : 667,
        "heightType" : 0,
        "id" : "d6_AGuoTF",
        "intrinsicHeight" : null,
        "intrinsicWidth" : null,
        "isExternalMaster" : null,
        "isMaster" : false,
        "isTarget" : false,
        "left" : 0,
        "locked" : false,
        "name" : null,
        "navigationTarget" : null,
        "navigationTransition" : "push",
        "navigationTransitionBackdropColor" : "rgba(4,4,15,.4)",
        "navigationTransitionDirection" : "left",
        "opacity" : 1,
        "originalid" : null,
        "parentid" : "VGV4CEyvF",
        "previewSettings" : null,
        "radius" : 0,
        "radiusBottomLeft" : 0,
        "radiusBottomRight" : 0,
        "radiusIsRelative" : false,
        "radiusPerCorner" : false,
        "radiusTopLeft" : 0,
        "radiusTopRight" : 0,
        "replicaInfo" : null,
        "right" : null,
        "rotation" : 0,
        "top" : 0,
        "visible" : true,
        "width" : 375,
        "widthType" : 0
      }
    ],
    "id" : "VGV4CEyvF",
    "name" : null,
    "originalid" : null,
    "parentid" : null,
    "visible" : false
  },
  "version" : 48
}